{"0.38573911162590346":{"user_id":1},"0.5128213197041505":{"user_id":1}}